{
  "timestamp": "2026-03-05T16:12:55",
  "BasalControl-v0": {
    "env_id": "glucosim/BasalControl-v0",
    "random": {
      "mean_reward": 74.25,
      "std_reward": 756.0878007877127,
      "time_in_range": 0.49124999999999996,
      "n_episodes": 10
    },
    "heuristic": {
      "mean_reward": 936.3,
      "std_reward": 385.91425213381274,
      "time_in_range": 0.778125,
      "n_episodes": 10
    },
    "ppo": {
      "mean_reward": 921.5,
      "std_reward": 76.86969493890294,
      "time_in_range": 0.7936111111111112,
      "n_episodes": 10,
      "training_steps": 300000,
      "model_path": "checkpoints/ppo_basalcontrol"
    },
    "ppo_vs_random_ratio": 12.41077441077441
  },
  "BolusAdvisor-v0": {
    "env_id": "glucosim/BolusAdvisor-v0",
    "random": {
      "mean_reward": -40.65,
      "std_reward": 1000.3235489080521,
      "time_in_range": 0.5334027777777777,
      "n_episodes": 10
    },
    "heuristic": {
      "mean_reward": 1036.3,
      "std_reward": 417.6763819035019,
      "time_in_range": 0.733611111111111,
      "n_episodes": 10
    },
    "ppo": {
      "mean_reward": 1101.6,
      "std_reward": 451.9245401612973,
      "time_in_range": 0.7440277777777777,
      "n_episodes": 10,
      "training_steps": 300000,
      "model_path": "checkpoints/ppo_bolusadvisor"
    },
    "ppo_vs_random_ratio": 27.099630996309962
  },
  "ClosedLoop-v0": {
    "env_id": "glucosim/ClosedLoop-v0",
    "random": {
      "mean_reward": -3324.25,
      "std_reward": 1826.6453302433945,
      "time_in_range": 0.30180555555555555,
      "n_episodes": 10
    },
    "heuristic": {
      "mean_reward": 842.4,
      "std_reward": 1177.052139881662,
      "time_in_range": 0.5327777777777778,
      "n_episodes": 10
    },
    "ppo": {
      "mean_reward": 1822.5,
      "std_reward": 146.52781305950077,
      "time_in_range": 0.7903125,
      "n_episodes": 10,
      "training_steps": 450000,
      "model_path": "checkpoints/ppo_closedloop"
    },
    "ppo_vs_random_ratio": 1.548243964804091,
    "ppo_vs_random_ratio_note": "Absolute improvement ratio: abs(ppo - random) / abs(random). Simple ppo/random ratio is meaningless when random baseline is negative."
  }
}